<?xml version="1.0" encoding="UTF-8"?>
<project-private xmlns="http://www.netbeans.org/ns/project-private/1">
    <editor-bookmarks xmlns="http://www.netbeans.org/ns/editor-bookmarks/2" lastBookmarkId="0"/>
    <open-files xmlns="http://www.netbeans.org/ns/projectui-open-files/2">
        <group>
            <file>file:/D:/AppServ/www/bulktrade/application/config/routes.php</file>
            <file>file:/D:/AppServ/www/bulktrade/appx/config/routes.php</file>
            <file>file:/D:/AppServ/www/bulktrade/appx/controllers/API.php</file>
            <file>file:/D:/AppServ/www/bulktrade/application/config/config.php.sample</file>
            <file>file:/D:/AppServ/www/bulktrade/appx/controllers/Rest_server.php</file>
            <file>file:/D:/AppServ/www/bulktrade/index.php</file>
            <file>file:/D:/AppServ/www/bulktrade/appx/libraries/Format.php</file>
            <file>file:/D:/AppServ/www/bulktrade/application/controllers/api/Key.php</file>
            <file>file:/D:/AppServ/www/bulktrade/appx/controllers/Stores.php</file>
            <file>file:/D:/AppServ/www/bulktrade/appx/views/rest_server.php</file>
            <file>file:/D:/AppServ/www/bulktrade/appx/helpers/db_helper.php</file>
            <file>file:/D:/AppServ/www/bulktrade/appx/models/Book_model.php</file>
            <file>file:/D:/AppServ/www/bulktrade/application/libraries/REST_Controller.php</file>
            <file>file:/D:/AppServ/www/bulktrade/appx/config/database.php</file>
            <file>file:/D:/AppServ/www/bulktrade/application/config/index.html</file>
            <file>file:/D:/AppServ/www/bulktrade/appx/libraries/REST_Controller.php</file>
            <file>file:/D:/AppServ/www/bulktrade/appx/config/profiler.php</file>
            <file>file:/D:/AppServ/www/bulktrade/appx/models/Model_all.php</file>
            <file>file:/D:/AppServ/www/bulktrade/appx/controllers/Login.php</file>
        </group>
    </open-files>
</project-private>
